<?xml version="1.0" encoding="UTF-8"?>
<project-private xmlns="http://www.netbeans.org/ns/project-private/1">
    <editor-bookmarks xmlns="http://www.netbeans.org/ns/editor-bookmarks/2" lastBookmarkId="0"/>
    <open-files xmlns="http://www.netbeans.org/ns/projectui-open-files/2">
        <group name="AllBookProjects">
            <file>file:/C:/Users/Kelvin/Desktop/GitHub/html5engine/BookChapters/Chapter9/9.4.ParticleEmitters/public_html/src/Engine/Core/Engine_Physics.js</file>
        </group>
        <group>
            <file>file:/F:/NetBeans%208.2/2D_Engine@NUS/Gropu4_Demo/Gropu4_Demo/public_html/src/MyGame/Level1.js</file>
            <file>file:/F:/NetBeans%208.2/2D_Engine@NUS/Gropu4_Demo/Gropu4_Demo/public_html/index.html</file>
            <file>file:/F:/NetBeans%208.2/2D_Engine@NUS/Gropu4_Demo/Gropu4_Demo/public_html/src/MyGame/GameState.js</file>
            <file>file:/F:/NetBeans%208.2/2D_Engine@NUS/Gropu4_Demo/Gropu4_Demo/public_html/src/MyGame/MyGame.js</file>
        </group>
    </open-files>
</project-private>
